--
-- PostgreSQL database dump
--

-- Dumped from database version 15.12 (Debian 15.12-1.pgdg120+1)
-- Dumped by pg_dump version 15.12 (Debian 15.12-1.pgdg120+1)

SET statement_timeout = 0;
SET lock_timeout = 0;
SET idle_in_transaction_session_timeout = 0;
SET client_encoding = 'UTF8';
SET standard_conforming_strings = on;
SELECT pg_catalog.set_config('search_path', '', false);
SET check_function_bodies = false;
SET xmloption = content;
SET client_min_messages = warning;
SET row_security = off;

SET default_tablespace = '';

SET default_table_access_method = heap;

--
-- Name: auth_group; Type: TABLE; Schema: public; Owner: postgres
--

CREATE TABLE public.auth_group (
    id integer NOT NULL,
    name character varying(150) NOT NULL
);


ALTER TABLE public.auth_group OWNER TO postgres;

--
-- Name: auth_group_id_seq; Type: SEQUENCE; Schema: public; Owner: postgres
--

ALTER TABLE public.auth_group ALTER COLUMN id ADD GENERATED BY DEFAULT AS IDENTITY (
    SEQUENCE NAME public.auth_group_id_seq
    START WITH 1
    INCREMENT BY 1
    NO MINVALUE
    NO MAXVALUE
    CACHE 1
);


--
-- Name: auth_group_permissions; Type: TABLE; Schema: public; Owner: postgres
--

CREATE TABLE public.auth_group_permissions (
    id bigint NOT NULL,
    group_id integer NOT NULL,
    permission_id integer NOT NULL
);


ALTER TABLE public.auth_group_permissions OWNER TO postgres;

--
-- Name: auth_group_permissions_id_seq; Type: SEQUENCE; Schema: public; Owner: postgres
--

ALTER TABLE public.auth_group_permissions ALTER COLUMN id ADD GENERATED BY DEFAULT AS IDENTITY (
    SEQUENCE NAME public.auth_group_permissions_id_seq
    START WITH 1
    INCREMENT BY 1
    NO MINVALUE
    NO MAXVALUE
    CACHE 1
);


--
-- Name: auth_permission; Type: TABLE; Schema: public; Owner: postgres
--

CREATE TABLE public.auth_permission (
    id integer NOT NULL,
    name character varying(255) NOT NULL,
    content_type_id integer NOT NULL,
    codename character varying(100) NOT NULL
);


ALTER TABLE public.auth_permission OWNER TO postgres;

--
-- Name: auth_permission_id_seq; Type: SEQUENCE; Schema: public; Owner: postgres
--

ALTER TABLE public.auth_permission ALTER COLUMN id ADD GENERATED BY DEFAULT AS IDENTITY (
    SEQUENCE NAME public.auth_permission_id_seq
    START WITH 1
    INCREMENT BY 1
    NO MINVALUE
    NO MAXVALUE
    CACHE 1
);


--
-- Name: auth_user; Type: TABLE; Schema: public; Owner: postgres
--

CREATE TABLE public.auth_user (
    id integer NOT NULL,
    password character varying(128) NOT NULL,
    last_login timestamp with time zone,
    is_superuser boolean NOT NULL,
    username character varying(150) NOT NULL,
    first_name character varying(150) NOT NULL,
    last_name character varying(150) NOT NULL,
    email character varying(254) NOT NULL,
    is_staff boolean NOT NULL,
    is_active boolean NOT NULL,
    date_joined timestamp with time zone NOT NULL
);


ALTER TABLE public.auth_user OWNER TO postgres;

--
-- Name: auth_user_groups; Type: TABLE; Schema: public; Owner: postgres
--

CREATE TABLE public.auth_user_groups (
    id bigint NOT NULL,
    user_id integer NOT NULL,
    group_id integer NOT NULL
);


ALTER TABLE public.auth_user_groups OWNER TO postgres;

--
-- Name: auth_user_groups_id_seq; Type: SEQUENCE; Schema: public; Owner: postgres
--

ALTER TABLE public.auth_user_groups ALTER COLUMN id ADD GENERATED BY DEFAULT AS IDENTITY (
    SEQUENCE NAME public.auth_user_groups_id_seq
    START WITH 1
    INCREMENT BY 1
    NO MINVALUE
    NO MAXVALUE
    CACHE 1
);


--
-- Name: auth_user_id_seq; Type: SEQUENCE; Schema: public; Owner: postgres
--

ALTER TABLE public.auth_user ALTER COLUMN id ADD GENERATED BY DEFAULT AS IDENTITY (
    SEQUENCE NAME public.auth_user_id_seq
    START WITH 1
    INCREMENT BY 1
    NO MINVALUE
    NO MAXVALUE
    CACHE 1
);


--
-- Name: auth_user_user_permissions; Type: TABLE; Schema: public; Owner: postgres
--

CREATE TABLE public.auth_user_user_permissions (
    id bigint NOT NULL,
    user_id integer NOT NULL,
    permission_id integer NOT NULL
);


ALTER TABLE public.auth_user_user_permissions OWNER TO postgres;

--
-- Name: auth_user_user_permissions_id_seq; Type: SEQUENCE; Schema: public; Owner: postgres
--

ALTER TABLE public.auth_user_user_permissions ALTER COLUMN id ADD GENERATED BY DEFAULT AS IDENTITY (
    SEQUENCE NAME public.auth_user_user_permissions_id_seq
    START WITH 1
    INCREMENT BY 1
    NO MINVALUE
    NO MAXVALUE
    CACHE 1
);


--
-- Name: cart_cart; Type: TABLE; Schema: public; Owner: postgres
--

CREATE TABLE public.cart_cart (
    id bigint NOT NULL,
    created_at timestamp with time zone NOT NULL,
    user_id integer NOT NULL
);


ALTER TABLE public.cart_cart OWNER TO postgres;

--
-- Name: cart_cart_id_seq; Type: SEQUENCE; Schema: public; Owner: postgres
--

ALTER TABLE public.cart_cart ALTER COLUMN id ADD GENERATED BY DEFAULT AS IDENTITY (
    SEQUENCE NAME public.cart_cart_id_seq
    START WITH 1
    INCREMENT BY 1
    NO MINVALUE
    NO MAXVALUE
    CACHE 1
);


--
-- Name: cart_cartitem; Type: TABLE; Schema: public; Owner: postgres
--

CREATE TABLE public.cart_cartitem (
    id bigint NOT NULL,
    added_at timestamp with time zone NOT NULL,
    cart_id bigint NOT NULL,
    land_id bigint NOT NULL
);


ALTER TABLE public.cart_cartitem OWNER TO postgres;

--
-- Name: cart_cartitem_id_seq; Type: SEQUENCE; Schema: public; Owner: postgres
--

ALTER TABLE public.cart_cartitem ALTER COLUMN id ADD GENERATED BY DEFAULT AS IDENTITY (
    SEQUENCE NAME public.cart_cartitem_id_seq
    START WITH 1
    INCREMENT BY 1
    NO MINVALUE
    NO MAXVALUE
    CACHE 1
);


--
-- Name: django_admin_log; Type: TABLE; Schema: public; Owner: postgres
--

CREATE TABLE public.django_admin_log (
    id integer NOT NULL,
    action_time timestamp with time zone NOT NULL,
    object_id text,
    object_repr character varying(200) NOT NULL,
    action_flag smallint NOT NULL,
    change_message text NOT NULL,
    content_type_id integer,
    user_id integer NOT NULL,
    CONSTRAINT django_admin_log_action_flag_check CHECK ((action_flag >= 0))
);


ALTER TABLE public.django_admin_log OWNER TO postgres;

--
-- Name: django_admin_log_id_seq; Type: SEQUENCE; Schema: public; Owner: postgres
--

ALTER TABLE public.django_admin_log ALTER COLUMN id ADD GENERATED BY DEFAULT AS IDENTITY (
    SEQUENCE NAME public.django_admin_log_id_seq
    START WITH 1
    INCREMENT BY 1
    NO MINVALUE
    NO MAXVALUE
    CACHE 1
);


--
-- Name: django_content_type; Type: TABLE; Schema: public; Owner: postgres
--

CREATE TABLE public.django_content_type (
    id integer NOT NULL,
    app_label character varying(100) NOT NULL,
    model character varying(100) NOT NULL
);


ALTER TABLE public.django_content_type OWNER TO postgres;

--
-- Name: django_content_type_id_seq; Type: SEQUENCE; Schema: public; Owner: postgres
--

ALTER TABLE public.django_content_type ALTER COLUMN id ADD GENERATED BY DEFAULT AS IDENTITY (
    SEQUENCE NAME public.django_content_type_id_seq
    START WITH 1
    INCREMENT BY 1
    NO MINVALUE
    NO MAXVALUE
    CACHE 1
);


--
-- Name: django_migrations; Type: TABLE; Schema: public; Owner: postgres
--

CREATE TABLE public.django_migrations (
    id bigint NOT NULL,
    app character varying(255) NOT NULL,
    name character varying(255) NOT NULL,
    applied timestamp with time zone NOT NULL
);


ALTER TABLE public.django_migrations OWNER TO postgres;

--
-- Name: django_migrations_id_seq; Type: SEQUENCE; Schema: public; Owner: postgres
--

ALTER TABLE public.django_migrations ALTER COLUMN id ADD GENERATED BY DEFAULT AS IDENTITY (
    SEQUENCE NAME public.django_migrations_id_seq
    START WITH 1
    INCREMENT BY 1
    NO MINVALUE
    NO MAXVALUE
    CACHE 1
);


--
-- Name: django_session; Type: TABLE; Schema: public; Owner: postgres
--

CREATE TABLE public.django_session (
    session_key character varying(40) NOT NULL,
    session_data text NOT NULL,
    expire_date timestamp with time zone NOT NULL
);


ALTER TABLE public.django_session OWNER TO postgres;

--
-- Name: order_deliverymethod; Type: TABLE; Schema: public; Owner: postgres
--

CREATE TABLE public.order_deliverymethod (
    id bigint NOT NULL,
    method_name character varying(50) NOT NULL
);


ALTER TABLE public.order_deliverymethod OWNER TO postgres;

--
-- Name: order_deliverymethod_id_seq; Type: SEQUENCE; Schema: public; Owner: postgres
--

ALTER TABLE public.order_deliverymethod ALTER COLUMN id ADD GENERATED BY DEFAULT AS IDENTITY (
    SEQUENCE NAME public.order_deliverymethod_id_seq
    START WITH 1
    INCREMENT BY 1
    NO MINVALUE
    NO MAXVALUE
    CACHE 1
);


--
-- Name: order_order; Type: TABLE; Schema: public; Owner: postgres
--

CREATE TABLE public.order_order (
    id bigint NOT NULL,
    order_date timestamp with time zone NOT NULL,
    status character varying(20) NOT NULL,
    delivery_method_id bigint NOT NULL,
    land_id bigint NOT NULL,
    user_id integer NOT NULL,
    payment_method_id bigint NOT NULL
);


ALTER TABLE public.order_order OWNER TO postgres;

--
-- Name: order_order_id_seq; Type: SEQUENCE; Schema: public; Owner: postgres
--

ALTER TABLE public.order_order ALTER COLUMN id ADD GENERATED BY DEFAULT AS IDENTITY (
    SEQUENCE NAME public.order_order_id_seq
    START WITH 1
    INCREMENT BY 1
    NO MINVALUE
    NO MAXVALUE
    CACHE 1
);


--
-- Name: order_paymentmethod; Type: TABLE; Schema: public; Owner: postgres
--

CREATE TABLE public.order_paymentmethod (
    id bigint NOT NULL,
    method_name character varying(50) NOT NULL
);


ALTER TABLE public.order_paymentmethod OWNER TO postgres;

--
-- Name: order_paymentmethod_id_seq; Type: SEQUENCE; Schema: public; Owner: postgres
--

ALTER TABLE public.order_paymentmethod ALTER COLUMN id ADD GENERATED BY DEFAULT AS IDENTITY (
    SEQUENCE NAME public.order_paymentmethod_id_seq
    START WITH 1
    INCREMENT BY 1
    NO MINVALUE
    NO MAXVALUE
    CACHE 1
);


--
-- Name: product_management_category; Type: TABLE; Schema: public; Owner: postgres
--

CREATE TABLE public.product_management_category (
    id bigint NOT NULL,
    name character varying(50) NOT NULL
);


ALTER TABLE public.product_management_category OWNER TO postgres;

--
-- Name: product_management_category_id_seq; Type: SEQUENCE; Schema: public; Owner: postgres
--

ALTER TABLE public.product_management_category ALTER COLUMN id ADD GENERATED BY DEFAULT AS IDENTITY (
    SEQUENCE NAME public.product_management_category_id_seq
    START WITH 1
    INCREMENT BY 1
    NO MINVALUE
    NO MAXVALUE
    CACHE 1
);


--
-- Name: product_management_land; Type: TABLE; Schema: public; Owner: postgres
--

CREATE TABLE public.product_management_land (
    id bigint NOT NULL,
    title character varying(200) NOT NULL,
    description text NOT NULL,
    location character varying(200) NOT NULL,
    price numeric(12,2) NOT NULL,
    size double precision NOT NULL,
    is_sold boolean NOT NULL,
    created_at timestamp with time zone NOT NULL,
    category_id bigint NOT NULL,
    land_type_id bigint NOT NULL,
    promotion_id bigint
);


ALTER TABLE public.product_management_land OWNER TO postgres;

--
-- Name: product_management_land_id_seq; Type: SEQUENCE; Schema: public; Owner: postgres
--

ALTER TABLE public.product_management_land ALTER COLUMN id ADD GENERATED BY DEFAULT AS IDENTITY (
    SEQUENCE NAME public.product_management_land_id_seq
    START WITH 1
    INCREMENT BY 1
    NO MINVALUE
    NO MAXVALUE
    CACHE 1
);


--
-- Name: product_management_landimage; Type: TABLE; Schema: public; Owner: postgres
--

CREATE TABLE public.product_management_landimage (
    id bigint NOT NULL,
    image_url character varying(255) NOT NULL,
    land_id bigint NOT NULL
);


ALTER TABLE public.product_management_landimage OWNER TO postgres;

--
-- Name: product_management_landimage_id_seq; Type: SEQUENCE; Schema: public; Owner: postgres
--

ALTER TABLE public.product_management_landimage ALTER COLUMN id ADD GENERATED BY DEFAULT AS IDENTITY (
    SEQUENCE NAME public.product_management_landimage_id_seq
    START WITH 1
    INCREMENT BY 1
    NO MINVALUE
    NO MAXVALUE
    CACHE 1
);


--
-- Name: product_management_landtype; Type: TABLE; Schema: public; Owner: postgres
--

CREATE TABLE public.product_management_landtype (
    id bigint NOT NULL,
    type_name character varying(50) NOT NULL
);


ALTER TABLE public.product_management_landtype OWNER TO postgres;

--
-- Name: product_management_landtype_id_seq; Type: SEQUENCE; Schema: public; Owner: postgres
--

ALTER TABLE public.product_management_landtype ALTER COLUMN id ADD GENERATED BY DEFAULT AS IDENTITY (
    SEQUENCE NAME public.product_management_landtype_id_seq
    START WITH 1
    INCREMENT BY 1
    NO MINVALUE
    NO MAXVALUE
    CACHE 1
);


--
-- Name: product_management_promotion; Type: TABLE; Schema: public; Owner: postgres
--

CREATE TABLE public.product_management_promotion (
    id bigint NOT NULL,
    name character varying(100) NOT NULL,
    discount_percent integer NOT NULL,
    start_date date NOT NULL,
    end_date date NOT NULL
);


ALTER TABLE public.product_management_promotion OWNER TO postgres;

--
-- Name: product_management_promotion_id_seq; Type: SEQUENCE; Schema: public; Owner: postgres
--

ALTER TABLE public.product_management_promotion ALTER COLUMN id ADD GENERATED BY DEFAULT AS IDENTITY (
    SEQUENCE NAME public.product_management_promotion_id_seq
    START WITH 1
    INCREMENT BY 1
    NO MINVALUE
    NO MAXVALUE
    CACHE 1
);


--
-- Data for Name: auth_group; Type: TABLE DATA; Schema: public; Owner: postgres
--

COPY public.auth_group (id, name) FROM stdin;
\.


--
-- Data for Name: auth_group_permissions; Type: TABLE DATA; Schema: public; Owner: postgres
--

COPY public.auth_group_permissions (id, group_id, permission_id) FROM stdin;
\.


--
-- Data for Name: auth_permission; Type: TABLE DATA; Schema: public; Owner: postgres
--

COPY public.auth_permission (id, name, content_type_id, codename) FROM stdin;
1	Can add log entry	1	add_logentry
2	Can change log entry	1	change_logentry
3	Can delete log entry	1	delete_logentry
4	Can view log entry	1	view_logentry
5	Can add permission	2	add_permission
6	Can change permission	2	change_permission
7	Can delete permission	2	delete_permission
8	Can view permission	2	view_permission
9	Can add group	3	add_group
10	Can change group	3	change_group
11	Can delete group	3	delete_group
12	Can view group	3	view_group
13	Can add user	4	add_user
14	Can change user	4	change_user
15	Can delete user	4	delete_user
16	Can view user	4	view_user
17	Can add content type	5	add_contenttype
18	Can change content type	5	change_contenttype
19	Can delete content type	5	delete_contenttype
20	Can view content type	5	view_contenttype
21	Can add session	6	add_session
22	Can change session	6	change_session
23	Can delete session	6	delete_session
24	Can view session	6	view_session
25	Can add category	7	add_category
26	Can change category	7	change_category
27	Can delete category	7	delete_category
28	Can view category	7	view_category
29	Can add land type	8	add_landtype
30	Can change land type	8	change_landtype
31	Can delete land type	8	delete_landtype
32	Can view land type	8	view_landtype
33	Can add promotion	9	add_promotion
34	Can change promotion	9	change_promotion
35	Can delete promotion	9	delete_promotion
36	Can view promotion	9	view_promotion
37	Can add land	10	add_land
38	Can change land	10	change_land
39	Can delete land	10	delete_land
40	Can view land	10	view_land
41	Can add land image	11	add_landimage
42	Can change land image	11	change_landimage
43	Can delete land image	11	delete_landimage
44	Can view land image	11	view_landimage
45	Can add cart	12	add_cart
46	Can change cart	12	change_cart
47	Can delete cart	12	delete_cart
48	Can view cart	12	view_cart
49	Can add cart item	13	add_cartitem
50	Can change cart item	13	change_cartitem
51	Can delete cart item	13	delete_cartitem
52	Can view cart item	13	view_cartitem
53	Can add delivery method	14	add_deliverymethod
54	Can change delivery method	14	change_deliverymethod
55	Can delete delivery method	14	delete_deliverymethod
56	Can view delivery method	14	view_deliverymethod
57	Can add payment method	15	add_paymentmethod
58	Can change payment method	15	change_paymentmethod
59	Can delete payment method	15	delete_paymentmethod
60	Can view payment method	15	view_paymentmethod
61	Can add order	16	add_order
62	Can change order	16	change_order
63	Can delete order	16	delete_order
64	Can view order	16	view_order
\.


--
-- Data for Name: auth_user; Type: TABLE DATA; Schema: public; Owner: postgres
--

COPY public.auth_user (id, password, last_login, is_superuser, username, first_name, last_name, email, is_staff, is_active, date_joined) FROM stdin;
1	pbkdf2_sha256$1000000$OOFry8Rn66wbc72ryqmyKF$et5UsF66uh5O6ENRk0Z0ybuy2ZtEwYBv04i4uLv6cv8=	2025-05-04 18:06:36.305366+00	t	admin				t	t	2025-05-04 18:06:21.068822+00
\.


--
-- Data for Name: auth_user_groups; Type: TABLE DATA; Schema: public; Owner: postgres
--

COPY public.auth_user_groups (id, user_id, group_id) FROM stdin;
\.


--
-- Data for Name: auth_user_user_permissions; Type: TABLE DATA; Schema: public; Owner: postgres
--

COPY public.auth_user_user_permissions (id, user_id, permission_id) FROM stdin;
\.


--
-- Data for Name: cart_cart; Type: TABLE DATA; Schema: public; Owner: postgres
--

COPY public.cart_cart (id, created_at, user_id) FROM stdin;
\.


--
-- Data for Name: cart_cartitem; Type: TABLE DATA; Schema: public; Owner: postgres
--

COPY public.cart_cartitem (id, added_at, cart_id, land_id) FROM stdin;
\.


--
-- Data for Name: django_admin_log; Type: TABLE DATA; Schema: public; Owner: postgres
--

COPY public.django_admin_log (id, action_time, object_id, object_repr, action_flag, change_message, content_type_id, user_id) FROM stdin;
1	2025-05-04 18:07:56.629708+00	1	มีผี	1	[{"added": {}}]	8	1
2	2025-05-04 18:08:06.24598+00	1	มีมด	1	[{"added": {}}]	7	1
3	2025-05-04 18:08:38.162023+00	1	ทดสอบระบบ	1	[{"added": {}}]	9	1
4	2025-05-04 18:08:48.885772+00	2	ภาคกลาง	1	[{"added": {}}]	7	1
5	2025-05-04 18:08:51.837269+00	1	พื้นที่โง่ๆ	1	[{"added": {}}]	10	1
6	2025-05-04 18:09:00.382023+00	1	พื้นที่โง่ๆ	2	[]	10	1
7	2025-05-04 18:09:32.577059+00	1	Image of พื้นที่โง่ๆ	1	[{"added": {}}]	11	1
8	2025-05-04 18:10:27.616409+00	3	ภาคเหนือ	1	[{"added": {}}]	7	1
9	2025-05-04 18:40:02.177973+00	1	พื้นที่โง่ๆ	2	[{"changed": {"fields": ["Is sold"]}}]	10	1
10	2025-05-04 18:41:11.586228+00	1	พื้นที่โง่ๆ	2	[{"changed": {"fields": ["Location"]}}]	10	1
11	2025-05-04 21:37:10.296748+00	2	ที่ดินเปล่า	1	[{"added": {}}]	8	1
12	2025-05-04 21:37:16.49089+00	2	พื้นที่ฉลาดๆ	1	[{"added": {}}]	10	1
13	2025-05-04 21:37:53.247702+00	2	Image of พื้นที่ฉลาดๆ	1	[{"added": {}}]	11	1
\.


--
-- Data for Name: django_content_type; Type: TABLE DATA; Schema: public; Owner: postgres
--

COPY public.django_content_type (id, app_label, model) FROM stdin;
1	admin	logentry
2	auth	permission
3	auth	group
4	auth	user
5	contenttypes	contenttype
6	sessions	session
7	product_management	category
8	product_management	landtype
9	product_management	promotion
10	product_management	land
11	product_management	landimage
12	cart	cart
13	cart	cartitem
14	order	deliverymethod
15	order	paymentmethod
16	order	order
\.


--
-- Data for Name: django_migrations; Type: TABLE DATA; Schema: public; Owner: postgres
--

COPY public.django_migrations (id, app, name, applied) FROM stdin;
1	contenttypes	0001_initial	2025-05-04 17:14:47.390796+00
2	auth	0001_initial	2025-05-04 17:14:47.49799+00
3	admin	0001_initial	2025-05-04 17:14:47.521643+00
4	admin	0002_logentry_remove_auto_add	2025-05-04 17:14:47.527827+00
5	admin	0003_logentry_add_action_flag_choices	2025-05-04 17:14:47.535746+00
6	contenttypes	0002_remove_content_type_name	2025-05-04 17:14:47.550344+00
7	auth	0002_alter_permission_name_max_length	2025-05-04 17:14:47.558015+00
8	auth	0003_alter_user_email_max_length	2025-05-04 17:14:47.565674+00
9	auth	0004_alter_user_username_opts	2025-05-04 17:14:47.571742+00
10	auth	0005_alter_user_last_login_null	2025-05-04 17:14:47.580171+00
11	auth	0006_require_contenttypes_0002	2025-05-04 17:14:47.581984+00
12	auth	0007_alter_validators_add_error_messages	2025-05-04 17:14:47.587438+00
13	auth	0008_alter_user_username_max_length	2025-05-04 17:14:47.597974+00
14	auth	0009_alter_user_last_name_max_length	2025-05-04 17:14:47.603608+00
15	auth	0010_alter_group_name_max_length	2025-05-04 17:14:47.610833+00
16	auth	0011_update_proxy_permissions	2025-05-04 17:14:47.618831+00
17	auth	0012_alter_user_first_name_max_length	2025-05-04 17:14:47.632629+00
18	product_management	0001_initial	2025-05-04 17:14:47.710157+00
19	cart	0001_initial	2025-05-04 17:14:47.746017+00
20	order	0001_initial	2025-05-04 17:14:47.793524+00
21	product_management	0002_alter_land_category	2025-05-04 17:14:47.820254+00
22	product_management	0003_alter_land_category	2025-05-04 17:14:47.849656+00
23	sessions	0001_initial	2025-05-04 17:14:47.869891+00
24	product_management	0004_alter_category_options	2025-05-04 18:01:18.889659+00
\.


--
-- Data for Name: django_session; Type: TABLE DATA; Schema: public; Owner: postgres
--

COPY public.django_session (session_key, session_data, expire_date) FROM stdin;
ryvqrdyefzh1lsvdtlnt6jsp0mwfz2oe	.eJxVjEEOwiAQRe_C2hBgZgRduu8ZmoGhtmogKe3KeHdD0oVu_3vvv9XI-zaPe8vruIi6KqtOv1vk9MylA3lwuVedatnWJequ6IM2PVTJr9vh_h3M3OZeT-QAyUyRkLxn8M4FOAdBCmicQWGLxNFFyFksQXJ4iRmS8TYlEPX5Arf4Nyk:1uBdjY:nElyQ66s-RUMghO6_4ILJrFlz9I6W-eERWJmpPatpdw	2025-05-18 18:06:36.309976+00
\.


--
-- Data for Name: order_deliverymethod; Type: TABLE DATA; Schema: public; Owner: postgres
--

COPY public.order_deliverymethod (id, method_name) FROM stdin;
\.


--
-- Data for Name: order_order; Type: TABLE DATA; Schema: public; Owner: postgres
--

COPY public.order_order (id, order_date, status, delivery_method_id, land_id, user_id, payment_method_id) FROM stdin;
\.


--
-- Data for Name: order_paymentmethod; Type: TABLE DATA; Schema: public; Owner: postgres
--

COPY public.order_paymentmethod (id, method_name) FROM stdin;
\.


--
-- Data for Name: product_management_category; Type: TABLE DATA; Schema: public; Owner: postgres
--

COPY public.product_management_category (id, name) FROM stdin;
1	มีมด
2	ภาคกลาง
3	ภาคเหนือ
\.


--
-- Data for Name: product_management_land; Type: TABLE DATA; Schema: public; Owner: postgres
--

COPY public.product_management_land (id, title, description, location, price, size, is_sold, created_at, category_id, land_type_id, promotion_id) FROM stdin;
1	พื้นที่โง่ๆ	ทดสอบ	ปทุม	1.00	2525.5	f	2025-05-04 18:08:51.834555+00	2	1	1
2	พื้นที่ฉลาดๆ	ทดสอบ	กรุงเทพ	13222111.00	7888	f	2025-05-04 21:37:16.487872+00	3	2	1
\.


--
-- Data for Name: product_management_landimage; Type: TABLE DATA; Schema: public; Owner: postgres
--

COPY public.product_management_landimage (id, image_url, land_id) FROM stdin;
1	https://www.chillpainai.com/src/wewakeup/scoop/images/4971ab7a68b49e1811452d230eb4d6410dadefa3.jpg	1
2	https://consolidation.rid.go.th/law/images/DSCF1366.JPG	2
\.


--
-- Data for Name: product_management_landtype; Type: TABLE DATA; Schema: public; Owner: postgres
--

COPY public.product_management_landtype (id, type_name) FROM stdin;
1	มีผี
2	ที่ดินเปล่า
\.


--
-- Data for Name: product_management_promotion; Type: TABLE DATA; Schema: public; Owner: postgres
--

COPY public.product_management_promotion (id, name, discount_percent, start_date, end_date) FROM stdin;
1	ทดสอบระบบ	1	2025-05-05	2025-05-05
\.


--
-- Name: auth_group_id_seq; Type: SEQUENCE SET; Schema: public; Owner: postgres
--

SELECT pg_catalog.setval('public.auth_group_id_seq', 1, false);


--
-- Name: auth_group_permissions_id_seq; Type: SEQUENCE SET; Schema: public; Owner: postgres
--

SELECT pg_catalog.setval('public.auth_group_permissions_id_seq', 1, false);


--
-- Name: auth_permission_id_seq; Type: SEQUENCE SET; Schema: public; Owner: postgres
--

SELECT pg_catalog.setval('public.auth_permission_id_seq', 64, true);


--
-- Name: auth_user_groups_id_seq; Type: SEQUENCE SET; Schema: public; Owner: postgres
--

SELECT pg_catalog.setval('public.auth_user_groups_id_seq', 1, false);


--
-- Name: auth_user_id_seq; Type: SEQUENCE SET; Schema: public; Owner: postgres
--

SELECT pg_catalog.setval('public.auth_user_id_seq', 1, true);


--
-- Name: auth_user_user_permissions_id_seq; Type: SEQUENCE SET; Schema: public; Owner: postgres
--

SELECT pg_catalog.setval('public.auth_user_user_permissions_id_seq', 1, false);


--
-- Name: cart_cart_id_seq; Type: SEQUENCE SET; Schema: public; Owner: postgres
--

SELECT pg_catalog.setval('public.cart_cart_id_seq', 1, false);


--
-- Name: cart_cartitem_id_seq; Type: SEQUENCE SET; Schema: public; Owner: postgres
--

SELECT pg_catalog.setval('public.cart_cartitem_id_seq', 1, false);


--
-- Name: django_admin_log_id_seq; Type: SEQUENCE SET; Schema: public; Owner: postgres
--

SELECT pg_catalog.setval('public.django_admin_log_id_seq', 13, true);


--
-- Name: django_content_type_id_seq; Type: SEQUENCE SET; Schema: public; Owner: postgres
--

SELECT pg_catalog.setval('public.django_content_type_id_seq', 16, true);


--
-- Name: django_migrations_id_seq; Type: SEQUENCE SET; Schema: public; Owner: postgres
--

SELECT pg_catalog.setval('public.django_migrations_id_seq', 24, true);


--
-- Name: order_deliverymethod_id_seq; Type: SEQUENCE SET; Schema: public; Owner: postgres
--

SELECT pg_catalog.setval('public.order_deliverymethod_id_seq', 1, false);


--
-- Name: order_order_id_seq; Type: SEQUENCE SET; Schema: public; Owner: postgres
--

SELECT pg_catalog.setval('public.order_order_id_seq', 1, false);


--
-- Name: order_paymentmethod_id_seq; Type: SEQUENCE SET; Schema: public; Owner: postgres
--

SELECT pg_catalog.setval('public.order_paymentmethod_id_seq', 1, false);


--
-- Name: product_management_category_id_seq; Type: SEQUENCE SET; Schema: public; Owner: postgres
--

SELECT pg_catalog.setval('public.product_management_category_id_seq', 3, true);


--
-- Name: product_management_land_id_seq; Type: SEQUENCE SET; Schema: public; Owner: postgres
--

SELECT pg_catalog.setval('public.product_management_land_id_seq', 2, true);


--
-- Name: product_management_landimage_id_seq; Type: SEQUENCE SET; Schema: public; Owner: postgres
--

SELECT pg_catalog.setval('public.product_management_landimage_id_seq', 2, true);


--
-- Name: product_management_landtype_id_seq; Type: SEQUENCE SET; Schema: public; Owner: postgres
--

SELECT pg_catalog.setval('public.product_management_landtype_id_seq', 2, true);


--
-- Name: product_management_promotion_id_seq; Type: SEQUENCE SET; Schema: public; Owner: postgres
--

SELECT pg_catalog.setval('public.product_management_promotion_id_seq', 1, true);


--
-- Name: auth_group auth_group_name_key; Type: CONSTRAINT; Schema: public; Owner: postgres
--

ALTER TABLE ONLY public.auth_group
    ADD CONSTRAINT auth_group_name_key UNIQUE (name);


--
-- Name: auth_group_permissions auth_group_permissions_group_id_permission_id_0cd325b0_uniq; Type: CONSTRAINT; Schema: public; Owner: postgres
--

ALTER TABLE ONLY public.auth_group_permissions
    ADD CONSTRAINT auth_group_permissions_group_id_permission_id_0cd325b0_uniq UNIQUE (group_id, permission_id);


--
-- Name: auth_group_permissions auth_group_permissions_pkey; Type: CONSTRAINT; Schema: public; Owner: postgres
--

ALTER TABLE ONLY public.auth_group_permissions
    ADD CONSTRAINT auth_group_permissions_pkey PRIMARY KEY (id);


--
-- Name: auth_group auth_group_pkey; Type: CONSTRAINT; Schema: public; Owner: postgres
--

ALTER TABLE ONLY public.auth_group
    ADD CONSTRAINT auth_group_pkey PRIMARY KEY (id);


--
-- Name: auth_permission auth_permission_content_type_id_codename_01ab375a_uniq; Type: CONSTRAINT; Schema: public; Owner: postgres
--

ALTER TABLE ONLY public.auth_permission
    ADD CONSTRAINT auth_permission_content_type_id_codename_01ab375a_uniq UNIQUE (content_type_id, codename);


--
-- Name: auth_permission auth_permission_pkey; Type: CONSTRAINT; Schema: public; Owner: postgres
--

ALTER TABLE ONLY public.auth_permission
    ADD CONSTRAINT auth_permission_pkey PRIMARY KEY (id);


--
-- Name: auth_user_groups auth_user_groups_pkey; Type: CONSTRAINT; Schema: public; Owner: postgres
--

ALTER TABLE ONLY public.auth_user_groups
    ADD CONSTRAINT auth_user_groups_pkey PRIMARY KEY (id);


--
-- Name: auth_user_groups auth_user_groups_user_id_group_id_94350c0c_uniq; Type: CONSTRAINT; Schema: public; Owner: postgres
--

ALTER TABLE ONLY public.auth_user_groups
    ADD CONSTRAINT auth_user_groups_user_id_group_id_94350c0c_uniq UNIQUE (user_id, group_id);


--
-- Name: auth_user auth_user_pkey; Type: CONSTRAINT; Schema: public; Owner: postgres
--

ALTER TABLE ONLY public.auth_user
    ADD CONSTRAINT auth_user_pkey PRIMARY KEY (id);


--
-- Name: auth_user_user_permissions auth_user_user_permissions_pkey; Type: CONSTRAINT; Schema: public; Owner: postgres
--

ALTER TABLE ONLY public.auth_user_user_permissions
    ADD CONSTRAINT auth_user_user_permissions_pkey PRIMARY KEY (id);


--
-- Name: auth_user_user_permissions auth_user_user_permissions_user_id_permission_id_14a6b632_uniq; Type: CONSTRAINT; Schema: public; Owner: postgres
--

ALTER TABLE ONLY public.auth_user_user_permissions
    ADD CONSTRAINT auth_user_user_permissions_user_id_permission_id_14a6b632_uniq UNIQUE (user_id, permission_id);


--
-- Name: auth_user auth_user_username_key; Type: CONSTRAINT; Schema: public; Owner: postgres
--

ALTER TABLE ONLY public.auth_user
    ADD CONSTRAINT auth_user_username_key UNIQUE (username);


--
-- Name: cart_cart cart_cart_pkey; Type: CONSTRAINT; Schema: public; Owner: postgres
--

ALTER TABLE ONLY public.cart_cart
    ADD CONSTRAINT cart_cart_pkey PRIMARY KEY (id);


--
-- Name: cart_cartitem cart_cartitem_pkey; Type: CONSTRAINT; Schema: public; Owner: postgres
--

ALTER TABLE ONLY public.cart_cartitem
    ADD CONSTRAINT cart_cartitem_pkey PRIMARY KEY (id);


--
-- Name: django_admin_log django_admin_log_pkey; Type: CONSTRAINT; Schema: public; Owner: postgres
--

ALTER TABLE ONLY public.django_admin_log
    ADD CONSTRAINT django_admin_log_pkey PRIMARY KEY (id);


--
-- Name: django_content_type django_content_type_app_label_model_76bd3d3b_uniq; Type: CONSTRAINT; Schema: public; Owner: postgres
--

ALTER TABLE ONLY public.django_content_type
    ADD CONSTRAINT django_content_type_app_label_model_76bd3d3b_uniq UNIQUE (app_label, model);


--
-- Name: django_content_type django_content_type_pkey; Type: CONSTRAINT; Schema: public; Owner: postgres
--

ALTER TABLE ONLY public.django_content_type
    ADD CONSTRAINT django_content_type_pkey PRIMARY KEY (id);


--
-- Name: django_migrations django_migrations_pkey; Type: CONSTRAINT; Schema: public; Owner: postgres
--

ALTER TABLE ONLY public.django_migrations
    ADD CONSTRAINT django_migrations_pkey PRIMARY KEY (id);


--
-- Name: django_session django_session_pkey; Type: CONSTRAINT; Schema: public; Owner: postgres
--

ALTER TABLE ONLY public.django_session
    ADD CONSTRAINT django_session_pkey PRIMARY KEY (session_key);


--
-- Name: order_deliverymethod order_deliverymethod_pkey; Type: CONSTRAINT; Schema: public; Owner: postgres
--

ALTER TABLE ONLY public.order_deliverymethod
    ADD CONSTRAINT order_deliverymethod_pkey PRIMARY KEY (id);


--
-- Name: order_order order_order_pkey; Type: CONSTRAINT; Schema: public; Owner: postgres
--

ALTER TABLE ONLY public.order_order
    ADD CONSTRAINT order_order_pkey PRIMARY KEY (id);


--
-- Name: order_paymentmethod order_paymentmethod_pkey; Type: CONSTRAINT; Schema: public; Owner: postgres
--

ALTER TABLE ONLY public.order_paymentmethod
    ADD CONSTRAINT order_paymentmethod_pkey PRIMARY KEY (id);


--
-- Name: product_management_category product_management_category_pkey; Type: CONSTRAINT; Schema: public; Owner: postgres
--

ALTER TABLE ONLY public.product_management_category
    ADD CONSTRAINT product_management_category_pkey PRIMARY KEY (id);


--
-- Name: product_management_land product_management_land_pkey; Type: CONSTRAINT; Schema: public; Owner: postgres
--

ALTER TABLE ONLY public.product_management_land
    ADD CONSTRAINT product_management_land_pkey PRIMARY KEY (id);


--
-- Name: product_management_landimage product_management_landimage_pkey; Type: CONSTRAINT; Schema: public; Owner: postgres
--

ALTER TABLE ONLY public.product_management_landimage
    ADD CONSTRAINT product_management_landimage_pkey PRIMARY KEY (id);


--
-- Name: product_management_landtype product_management_landtype_pkey; Type: CONSTRAINT; Schema: public; Owner: postgres
--

ALTER TABLE ONLY public.product_management_landtype
    ADD CONSTRAINT product_management_landtype_pkey PRIMARY KEY (id);


--
-- Name: product_management_promotion product_management_promotion_pkey; Type: CONSTRAINT; Schema: public; Owner: postgres
--

ALTER TABLE ONLY public.product_management_promotion
    ADD CONSTRAINT product_management_promotion_pkey PRIMARY KEY (id);


--
-- Name: auth_group_name_a6ea08ec_like; Type: INDEX; Schema: public; Owner: postgres
--

CREATE INDEX auth_group_name_a6ea08ec_like ON public.auth_group USING btree (name varchar_pattern_ops);


--
-- Name: auth_group_permissions_group_id_b120cbf9; Type: INDEX; Schema: public; Owner: postgres
--

CREATE INDEX auth_group_permissions_group_id_b120cbf9 ON public.auth_group_permissions USING btree (group_id);


--
-- Name: auth_group_permissions_permission_id_84c5c92e; Type: INDEX; Schema: public; Owner: postgres
--

CREATE INDEX auth_group_permissions_permission_id_84c5c92e ON public.auth_group_permissions USING btree (permission_id);


--
-- Name: auth_permission_content_type_id_2f476e4b; Type: INDEX; Schema: public; Owner: postgres
--

CREATE INDEX auth_permission_content_type_id_2f476e4b ON public.auth_permission USING btree (content_type_id);


--
-- Name: auth_user_groups_group_id_97559544; Type: INDEX; Schema: public; Owner: postgres
--

CREATE INDEX auth_user_groups_group_id_97559544 ON public.auth_user_groups USING btree (group_id);


--
-- Name: auth_user_groups_user_id_6a12ed8b; Type: INDEX; Schema: public; Owner: postgres
--

CREATE INDEX auth_user_groups_user_id_6a12ed8b ON public.auth_user_groups USING btree (user_id);


--
-- Name: auth_user_user_permissions_permission_id_1fbb5f2c; Type: INDEX; Schema: public; Owner: postgres
--

CREATE INDEX auth_user_user_permissions_permission_id_1fbb5f2c ON public.auth_user_user_permissions USING btree (permission_id);


--
-- Name: auth_user_user_permissions_user_id_a95ead1b; Type: INDEX; Schema: public; Owner: postgres
--

CREATE INDEX auth_user_user_permissions_user_id_a95ead1b ON public.auth_user_user_permissions USING btree (user_id);


--
-- Name: auth_user_username_6821ab7c_like; Type: INDEX; Schema: public; Owner: postgres
--

CREATE INDEX auth_user_username_6821ab7c_like ON public.auth_user USING btree (username varchar_pattern_ops);


--
-- Name: cart_cart_user_id_9b4220b9; Type: INDEX; Schema: public; Owner: postgres
--

CREATE INDEX cart_cart_user_id_9b4220b9 ON public.cart_cart USING btree (user_id);


--
-- Name: cart_cartitem_cart_id_370ad265; Type: INDEX; Schema: public; Owner: postgres
--

CREATE INDEX cart_cartitem_cart_id_370ad265 ON public.cart_cartitem USING btree (cart_id);


--
-- Name: cart_cartitem_land_id_eca78e0c; Type: INDEX; Schema: public; Owner: postgres
--

CREATE INDEX cart_cartitem_land_id_eca78e0c ON public.cart_cartitem USING btree (land_id);


--
-- Name: django_admin_log_content_type_id_c4bce8eb; Type: INDEX; Schema: public; Owner: postgres
--

CREATE INDEX django_admin_log_content_type_id_c4bce8eb ON public.django_admin_log USING btree (content_type_id);


--
-- Name: django_admin_log_user_id_c564eba6; Type: INDEX; Schema: public; Owner: postgres
--

CREATE INDEX django_admin_log_user_id_c564eba6 ON public.django_admin_log USING btree (user_id);


--
-- Name: django_session_expire_date_a5c62663; Type: INDEX; Schema: public; Owner: postgres
--

CREATE INDEX django_session_expire_date_a5c62663 ON public.django_session USING btree (expire_date);


--
-- Name: django_session_session_key_c0390e0f_like; Type: INDEX; Schema: public; Owner: postgres
--

CREATE INDEX django_session_session_key_c0390e0f_like ON public.django_session USING btree (session_key varchar_pattern_ops);


--
-- Name: order_order_delivery_method_id_5b77cccf; Type: INDEX; Schema: public; Owner: postgres
--

CREATE INDEX order_order_delivery_method_id_5b77cccf ON public.order_order USING btree (delivery_method_id);


--
-- Name: order_order_land_id_a75e848c; Type: INDEX; Schema: public; Owner: postgres
--

CREATE INDEX order_order_land_id_a75e848c ON public.order_order USING btree (land_id);


--
-- Name: order_order_payment_method_id_edf8fb89; Type: INDEX; Schema: public; Owner: postgres
--

CREATE INDEX order_order_payment_method_id_edf8fb89 ON public.order_order USING btree (payment_method_id);


--
-- Name: order_order_user_id_7cf9bc2b; Type: INDEX; Schema: public; Owner: postgres
--

CREATE INDEX order_order_user_id_7cf9bc2b ON public.order_order USING btree (user_id);


--
-- Name: product_management_land_category_id_78edd016; Type: INDEX; Schema: public; Owner: postgres
--

CREATE INDEX product_management_land_category_id_78edd016 ON public.product_management_land USING btree (category_id);


--
-- Name: product_management_land_land_type_id_7b12d08e; Type: INDEX; Schema: public; Owner: postgres
--

CREATE INDEX product_management_land_land_type_id_7b12d08e ON public.product_management_land USING btree (land_type_id);


--
-- Name: product_management_land_promotion_id_b9e768f4; Type: INDEX; Schema: public; Owner: postgres
--

CREATE INDEX product_management_land_promotion_id_b9e768f4 ON public.product_management_land USING btree (promotion_id);


--
-- Name: product_management_landimage_land_id_68c37975; Type: INDEX; Schema: public; Owner: postgres
--

CREATE INDEX product_management_landimage_land_id_68c37975 ON public.product_management_landimage USING btree (land_id);


--
-- Name: auth_group_permissions auth_group_permissio_permission_id_84c5c92e_fk_auth_perm; Type: FK CONSTRAINT; Schema: public; Owner: postgres
--

ALTER TABLE ONLY public.auth_group_permissions
    ADD CONSTRAINT auth_group_permissio_permission_id_84c5c92e_fk_auth_perm FOREIGN KEY (permission_id) REFERENCES public.auth_permission(id) DEFERRABLE INITIALLY DEFERRED;


--
-- Name: auth_group_permissions auth_group_permissions_group_id_b120cbf9_fk_auth_group_id; Type: FK CONSTRAINT; Schema: public; Owner: postgres
--

ALTER TABLE ONLY public.auth_group_permissions
    ADD CONSTRAINT auth_group_permissions_group_id_b120cbf9_fk_auth_group_id FOREIGN KEY (group_id) REFERENCES public.auth_group(id) DEFERRABLE INITIALLY DEFERRED;


--
-- Name: auth_permission auth_permission_content_type_id_2f476e4b_fk_django_co; Type: FK CONSTRAINT; Schema: public; Owner: postgres
--

ALTER TABLE ONLY public.auth_permission
    ADD CONSTRAINT auth_permission_content_type_id_2f476e4b_fk_django_co FOREIGN KEY (content_type_id) REFERENCES public.django_content_type(id) DEFERRABLE INITIALLY DEFERRED;


--
-- Name: auth_user_groups auth_user_groups_group_id_97559544_fk_auth_group_id; Type: FK CONSTRAINT; Schema: public; Owner: postgres
--

ALTER TABLE ONLY public.auth_user_groups
    ADD CONSTRAINT auth_user_groups_group_id_97559544_fk_auth_group_id FOREIGN KEY (group_id) REFERENCES public.auth_group(id) DEFERRABLE INITIALLY DEFERRED;


--
-- Name: auth_user_groups auth_user_groups_user_id_6a12ed8b_fk_auth_user_id; Type: FK CONSTRAINT; Schema: public; Owner: postgres
--

ALTER TABLE ONLY public.auth_user_groups
    ADD CONSTRAINT auth_user_groups_user_id_6a12ed8b_fk_auth_user_id FOREIGN KEY (user_id) REFERENCES public.auth_user(id) DEFERRABLE INITIALLY DEFERRED;


--
-- Name: auth_user_user_permissions auth_user_user_permi_permission_id_1fbb5f2c_fk_auth_perm; Type: FK CONSTRAINT; Schema: public; Owner: postgres
--

ALTER TABLE ONLY public.auth_user_user_permissions
    ADD CONSTRAINT auth_user_user_permi_permission_id_1fbb5f2c_fk_auth_perm FOREIGN KEY (permission_id) REFERENCES public.auth_permission(id) DEFERRABLE INITIALLY DEFERRED;


--
-- Name: auth_user_user_permissions auth_user_user_permissions_user_id_a95ead1b_fk_auth_user_id; Type: FK CONSTRAINT; Schema: public; Owner: postgres
--

ALTER TABLE ONLY public.auth_user_user_permissions
    ADD CONSTRAINT auth_user_user_permissions_user_id_a95ead1b_fk_auth_user_id FOREIGN KEY (user_id) REFERENCES public.auth_user(id) DEFERRABLE INITIALLY DEFERRED;


--
-- Name: cart_cart cart_cart_user_id_9b4220b9_fk_auth_user_id; Type: FK CONSTRAINT; Schema: public; Owner: postgres
--

ALTER TABLE ONLY public.cart_cart
    ADD CONSTRAINT cart_cart_user_id_9b4220b9_fk_auth_user_id FOREIGN KEY (user_id) REFERENCES public.auth_user(id) DEFERRABLE INITIALLY DEFERRED;


--
-- Name: cart_cartitem cart_cartitem_cart_id_370ad265_fk_cart_cart_id; Type: FK CONSTRAINT; Schema: public; Owner: postgres
--

ALTER TABLE ONLY public.cart_cartitem
    ADD CONSTRAINT cart_cartitem_cart_id_370ad265_fk_cart_cart_id FOREIGN KEY (cart_id) REFERENCES public.cart_cart(id) DEFERRABLE INITIALLY DEFERRED;


--
-- Name: cart_cartitem cart_cartitem_land_id_eca78e0c_fk_product_management_land_id; Type: FK CONSTRAINT; Schema: public; Owner: postgres
--

ALTER TABLE ONLY public.cart_cartitem
    ADD CONSTRAINT cart_cartitem_land_id_eca78e0c_fk_product_management_land_id FOREIGN KEY (land_id) REFERENCES public.product_management_land(id) DEFERRABLE INITIALLY DEFERRED;


--
-- Name: django_admin_log django_admin_log_content_type_id_c4bce8eb_fk_django_co; Type: FK CONSTRAINT; Schema: public; Owner: postgres
--

ALTER TABLE ONLY public.django_admin_log
    ADD CONSTRAINT django_admin_log_content_type_id_c4bce8eb_fk_django_co FOREIGN KEY (content_type_id) REFERENCES public.django_content_type(id) DEFERRABLE INITIALLY DEFERRED;


--
-- Name: django_admin_log django_admin_log_user_id_c564eba6_fk_auth_user_id; Type: FK CONSTRAINT; Schema: public; Owner: postgres
--

ALTER TABLE ONLY public.django_admin_log
    ADD CONSTRAINT django_admin_log_user_id_c564eba6_fk_auth_user_id FOREIGN KEY (user_id) REFERENCES public.auth_user(id) DEFERRABLE INITIALLY DEFERRED;


--
-- Name: order_order order_order_delivery_method_id_5b77cccf_fk_order_del; Type: FK CONSTRAINT; Schema: public; Owner: postgres
--

ALTER TABLE ONLY public.order_order
    ADD CONSTRAINT order_order_delivery_method_id_5b77cccf_fk_order_del FOREIGN KEY (delivery_method_id) REFERENCES public.order_deliverymethod(id) DEFERRABLE INITIALLY DEFERRED;


--
-- Name: order_order order_order_land_id_a75e848c_fk_product_management_land_id; Type: FK CONSTRAINT; Schema: public; Owner: postgres
--

ALTER TABLE ONLY public.order_order
    ADD CONSTRAINT order_order_land_id_a75e848c_fk_product_management_land_id FOREIGN KEY (land_id) REFERENCES public.product_management_land(id) DEFERRABLE INITIALLY DEFERRED;


--
-- Name: order_order order_order_payment_method_id_edf8fb89_fk_order_pay; Type: FK CONSTRAINT; Schema: public; Owner: postgres
--

ALTER TABLE ONLY public.order_order
    ADD CONSTRAINT order_order_payment_method_id_edf8fb89_fk_order_pay FOREIGN KEY (payment_method_id) REFERENCES public.order_paymentmethod(id) DEFERRABLE INITIALLY DEFERRED;


--
-- Name: order_order order_order_user_id_7cf9bc2b_fk_auth_user_id; Type: FK CONSTRAINT; Schema: public; Owner: postgres
--

ALTER TABLE ONLY public.order_order
    ADD CONSTRAINT order_order_user_id_7cf9bc2b_fk_auth_user_id FOREIGN KEY (user_id) REFERENCES public.auth_user(id) DEFERRABLE INITIALLY DEFERRED;


--
-- Name: product_management_land product_management_l_category_id_78edd016_fk_product_m; Type: FK CONSTRAINT; Schema: public; Owner: postgres
--

ALTER TABLE ONLY public.product_management_land
    ADD CONSTRAINT product_management_l_category_id_78edd016_fk_product_m FOREIGN KEY (category_id) REFERENCES public.product_management_category(id) DEFERRABLE INITIALLY DEFERRED;


--
-- Name: product_management_landimage product_management_l_land_id_68c37975_fk_product_m; Type: FK CONSTRAINT; Schema: public; Owner: postgres
--

ALTER TABLE ONLY public.product_management_landimage
    ADD CONSTRAINT product_management_l_land_id_68c37975_fk_product_m FOREIGN KEY (land_id) REFERENCES public.product_management_land(id) DEFERRABLE INITIALLY DEFERRED;


--
-- Name: product_management_land product_management_l_land_type_id_7b12d08e_fk_product_m; Type: FK CONSTRAINT; Schema: public; Owner: postgres
--

ALTER TABLE ONLY public.product_management_land
    ADD CONSTRAINT product_management_l_land_type_id_7b12d08e_fk_product_m FOREIGN KEY (land_type_id) REFERENCES public.product_management_landtype(id) DEFERRABLE INITIALLY DEFERRED;


--
-- Name: product_management_land product_management_l_promotion_id_b9e768f4_fk_product_m; Type: FK CONSTRAINT; Schema: public; Owner: postgres
--

ALTER TABLE ONLY public.product_management_land
    ADD CONSTRAINT product_management_l_promotion_id_b9e768f4_fk_product_m FOREIGN KEY (promotion_id) REFERENCES public.product_management_promotion(id) DEFERRABLE INITIALLY DEFERRED;


--
-- PostgreSQL database dump complete
--

